{"bvpAbIIiVazhTzUWvmvtSw==":"logo2-1.png","zB4kEISuXerHEtZvXF9a7Q==":"background2.jpg","8XDlNB/zwtTA7TPGNqVQ4A==":"logo2.png","LTDet6lkVJ8pz4rwfhsz+A==":"01.jpg","X9qFBGQcIBXQ4d7DxVyYiw==":"02.jpg","dkVWOVZqGp/FASGI8JRlRQ==":"03.jpg","h7ng0jAyQHxmwPaE2XskCw==":"background1.jpg","pSDjpy0o5486Df8GaKGmJw==":"logo%202-128x54.png","iV5KxvRc2kU16a/IbHqlbA==":"logo%202-304x129.png","QPOpIwAP3fcWxxzFlEYNdA==":"logo%202-122x52.png","rh6UqnkEDOIPN9ii2SrhzQ==":"logo%202-286x121.png","Poeg34W9SWRuSl08m3+qmA==":"logo%203-288x93.png","lc3QVGzqwKkmzm3YMFtppA==":"logo%203-376x121.png","QuTSXipALE2FaXYbcSJllA==":"logo%203-478x154.png","eqiUKVEmHr2ujFohxWrgfw==":"logo%20footer-122x118.png","S48BiYDPj67QfcBQJr+kPw==":"logo%203-160x52.png","++Lf5IzNEzDtw9CRHBJQTQ==":"logo%203-492x159.png","xt0MwXnIBYG3hLjSpTaQvg==":"logo%203-496x198.png","pA+WNwOO8UUnYvHuSKdG/g==":"logo%203-400x160.png","jg8X1CylCv0zjZZZZ/V39Q==":"logo%203-384x154.png","vxL2J8EYUWt+B26v86tloA==":"logo%203-518x207.png","72vxL5Ea2/ZSkx3AE3NKHw==":"logo%203-368x147.png","+K1/7KgFgk0N2VIlZr44Tg==":"logo%203-520x208.png","KEh/N0JtqEnJgWCV9dy61w==":"logo%203-524x210.png","RsR56gSQq0VjOcDUu/Ek9A==":"logo%203-514x206.png","en8heJ+L8MftRCXAwASnJw==":"tripadvisor-write-a-review.gif","azxp0yBCbP5gIgrvkDl8dA==":"tripadvisor-write-a-review-220x170.jpg","CUEed9fuwlS/nL4H71un5A==":"mbr-1920x1277.jpg","2IDtL84TcOLG4BTsIJ0xmA==":"background6.jpg","oWNP6fVn2lpl+57EMJLmpA==":"mbr-1920x1280.jpg","KQFGvSAs524qWFAobAT/AA==":"mbr-1920x1280.jpeg","q5sPcE5GNaaeE8LJaHFySQ==":"mbr-1-1920x1280.jpeg","Ulrvj8u91LXJeNJk9aINMw==":"mbr-1-1920x1280.jpg","g2T9VKSq+7hrng4DsshxBA==":"mbr-2-1920x1280.jpeg","PNpSUxELs8usIweOhlg3lw==":"mbr-2-1920x1280.jpg","tvFq1gUPNDPAOgwWbzOeHA==":"mbr-3-1920x1280.jpg","m2g4lN269fX72/o/ii5mkg==":"mbr-3-1920x1280.jpeg","EpdiS8nZ0kGw9sMeVowTsw==":"arusha-np-momela-1920x746.jpg","YJa9wTKHi028tQRY/KOY2w==":"mbr-1920x1281.jpg","0RdC+5zZ4KcQpBJ4FOecZQ==":"mbr-1440x1920.jpg","22Nq6i2TIPAD2mcvAN32eg==":"mbr-1920x1283.jpg","r9XmIyfRaLEAeOLZ5x0wJQ==":"mbr-1-1920x1281.jpg","mrJLuyOVUpF77gJGuK8DLg==":"mbr-1920x894.jpg","PWoBSQc/IDcFD5qiuuChFQ==":"mbr-4-1920x1280.jpg","SIQjgBtTJnhJRbkD8iWDAA==":"mbr-1920x1012.jpg","n3gA3U9ua3xCCQwPGGvf9g==":"mbr-1920x1281.jpeg","4hi77YviBYEv3aqeAjitAg==":"mbr-1920x1386.jpg","URwvXwRj0HVHNmVQGBOpQQ==":"mbr-1920x1386.jpeg","fHx1WowiePKsvSN6gc/Tjg==":"mbr-5-1920x1280.jpg","ijRHnzOhtKfO9EKzAmuQsg==":"mbr-6-1920x1280.jpg","Grck7BLoz+RQOGpt+i5TWw==":"safaribooking-225x146.jpg","oJZW1KwlL7/hAbZE2DEF5g==":"safaribooking-150x97.jpg","RkpkjpbCIf4N1COaIyx/kg==":"safaribooking-150x97.png","O8euznbi1YPKGaDfvP1G7g==":"tripadvisor-write-a-review-150x116.png","z3tmb7xBiEtBQW5QkOnqTw==":"mbr-7-1920x1280.jpg","3Bvi1Iib8QXCOkwF0UWNlw==":"children.jpg","h0G/3V88OdNZFUxJKg+E/Q==":"mbr-1920x1289.jpg","8JBbxtKWSyE8jo8/K2Ad2w==":"mbr-1920x1285.jpg","KnIQ63ZAAem9EiyvYkGj1w==":"mbr-1-1920x1285.jpg","jS+oItSgbHSwt2D8miBWFA==":"mbr-1-1920x1285.jpeg","5jsC1GqK3KQeEHCi4dPWtA==":"mbr-8-1920x1280.jpg","dCrthEJJ2RuEbaLrLt8qgw==":"mbr-1920x967.jpg","VkjIy8RtHjUrRICLuNGvXw==":"ngorongoro-top-3-1920x689.jpg","jGXq+0cuDTYy3i3fR3cKBw==":"mbr-1920x1080.jpg","HWlBDmbgl5vwoexnoqRMNQ==":"mbr-1920x1288.jpg","1JSeWnU9SKqhMPMbr0S99Q==":"selous=401199-340-1600x900.jpg","qgisErs/DRP4sNC8cCLLyg==":"mbr-9-1920x1280.jpg","1XP27j7N8rjPCA+dXmYZVg==":"mbr-1920x1276.jpg","1IMZwQ8/2m6wixjhswA20Q==":"mbr-1920x1276.jpeg","YksidSi+eh/CUtKE05pbHQ==":"mbr-10-1920x1280.jpg","+zrFWu4d2jU2voRDA1zyTg==":"mbr-1620x1080.jpg","tIV5WuFR8G0CJMQT5+W3AQ==":"mbr-11-1920x1280.jpg","DrW9i59bRuUW/Q3unTFWMQ==":"mbr-12-1920x1280.jpg","vN/HOhp/E6GIaLMeEku0PQ==":"mbr-1-1620x1080.jpg","N/sjQo5FBtKKZqUVg9K2ZQ==":"udzungwa-mountains-national-park-1-1920x584.jpg","99uGl9LJdaTCpZh9uBSLLA==":"mbr-1-1920x1276.jpg","PkccwBQfuiGch02Ugd6mZg==":"zanzibar-top-3-1920x625.jpg","N1gT67noawZhuJinqqqyMw==":"mbr-13-1920x1280.jpg","Phm9Gfxy9A28pVJpMXPB7Q==":"mbr-13-1920x1280.jpeg","CRUbpH2k1Gq56vlOJ2aWjA==":"mbr-14-1920x1280.jpg","/ojrRiSopAH+n3p8qzR63g==":"mbr-15-1920x1280.jpg","gzblTb5SsQzvtfC4hJzNkA==":"mbr-2-1920x1285.jpg","mWLOGdua2HA5dcwpS+nUmw==":"mbr-2-1920x1285.jpeg","TapkIB5f8Onf9aPrHHEPIw==":"mbr-16-1920x1280.jpg","C5wiIvaNxUu520z181Z1kA==":"mbr-17-1920x1280.jpg","LHqHlEWZRkUhnRMS3X5lTA==":"mbr-17-1920x1280.jpeg","jQBnfqtzqDMgFXK617xYNw==":"mbr-18-1920x1280.jpeg","MRfVNN/E4yqSsrLysp0QjQ==":"mbr-19-1920x1280.jpeg","YFvTFApJS6NAgBOSA+cpdA==":"mbr-1920x1354.jpg","jp/JXVBAl0/2R0TaULasNQ==":"mbr-18-1920x1280.jpg","V97jGV+eJq7/LtDu/vcjFw==":"mbr-19-1920x1280.jpg","f7En7Raa2+W6i7NouNAjSw==":"mbr-1920x1440.jpg","Yij9Of6hvahjZiDnaUmTMg==":"mbr-20-1920x1280.jpg","pWFPbmxSCdR3BaNOlBSWhg==":"tarangire-treetops-1920x549.jpg","drsDoT46rjRMcvTOTnn+OA==":"mbr-4-1920x1280.jpeg","wKQb2U8hOWKXE0yPV3mv7A==":"mbr-21-1920x1280.jpg","K4UvgIgn6Xv7f0jfenWe4A==":"hadzabe-1920x824.jpg","q1lSDIMfAlVdX7mCTnJ4Jw==":"banner1-1400x695.jpg","2VFDWgESX9rUHow6UdDDhA==":"mbr-22-1920x1280.jpg","RBiLAOKGwnBkpeMvnuRLEg==":"tanz_selous-3-1920x864.jpg","bNBFqC+PcttOwVYxN5ct5A==":"ruaha=401188-330-1600x900.jpg","aeBxroQJH9lIhV4MOiaRZQ==":"ruaha=401188-350-1600x900.jpg","p8q7REuSYkXjNY8NxRU1EQ==":"dsc_2466_3595_5bdfe3a81b89b%20copy-268x272.png","Vn/E9lMlPhmy2IGTzOQq3g==":"mbr-1920x1370.jpg","W3YwtFb5AXGjeTwFFh7lGQ==":"mbr-23-1920x1280.jpg","gRxlAAJcpmD+kx+zm+dkIw==":"tanzania-big-five-safaris-873x436.jpg","FZXW65/IlayJvYd/ayf7tQ==":"big51-1500x938.jpg","n9h5YjpPVMAaJ9Yy5PLlng==":"mbr-1920x1200.jpg","TM5NvZgvYJQFHRnzgO4pBA==":"mbr-1920x640.jpg","7fYyeMRHy+/k35olnj+4Xw==":"ser5-700x438.jpg","IgAEjSo6I0rR7jzXhgRQSQ==":"ser5-768x480.jpg","XDVait/CEz7aSH5YHOlKGg==":"ngorongoro-2-1-768x480.jpg","cCcZkzvAoDkBMq7IY9s+2w==":"masai-1-700x438.png","jWUFIiLymiEvvxHDtHTZhQ==":"ruaha-3-2-700x438.jpg","0TYkX0jTQ3BeeZupKnZDRg==":"ngoro-1-540x351.jpg","9ZK8ge0YSSZzEsfCoKdlqw==":"logo%20footer-192x185.png","3gNdm/V58S0CVKkYnKyP3w==":"logo%20footer-200x193.png","LYAwfAI6PT54pqyMwr3Pwg==":"logo%20footer-198x191.png","pa5Dkwo/T1qgW/t0h+fQvA==":"background5.jpg","yCIWPYvW/EPpIA8KlwXNoQ==":"mbr-24-1920x1280.jpg","9jE8r79F3dIJTmg+AgR8mA==":"background1-1.jpg","vr6J/TjN+dwFlgYrGPw0ug==":"1.png","I+8Quq7n67gO6ezrKCOS9g==":"2.png","k5U4CdpT/NumV1TALJ289g==":"3.png","L2GU+zV5z3AtqUdGlnM2VQ==":"4.png","HU7vQSr4nBe/usbHTrPBJg==":"5.png","lu6obUul6h89xMZl4L+4nQ==":"6.png","PrU6Kyul7fiBkuk/2LM6SQ==":"7.png","UbuHJJL2BLechztf/Fd1PQ==":"8.png","PZ3OF9M5HR1BTPom9deAhQ==":"dsc_2466_3595_5bdfe3a81b89b-536x358.jpg","9M5pqkhYJyJjb+k+n4v32g==":"mbr-25-1920x1280.jpg","dH5+Z+6Mr89WiTY70+Ob8g==":"logo-3-122x34.png","7yPsx0JWmB6qTbv9EY69ww==":"logo-3-436x122.png","k3JEUycD1rRkzcUeSdS6kw==":"logo-3-442x124.png","nzDcktV+TEgDT/Zi50jRog==":"logo-3-440x123.png","+iX5oZ5UfgqRrCIV8VjYUg==":"logo-3-344x96.png","WW/vOPucYynVNZgGuAgOog==":"logo-3-434x122.png","JiMWpydX/XWySzqVIWNW3w==":"logo-3-432x121.png","rcBdVEVjyMH5VZDEVirE+A==":"dsc-2466-3595-5bdfe3a81b89b-536x358.jpeg","Gc8Tzm8EPZFuC0DU681M+A==":"mbr-1728x1176.jpg","gcCFXfPxSq/BjGgeDp1niw==":"logo-122x45.png","k7+X20/IPJ20euQnW3IDhA==":"logo-330x122.png","bbSwTkG/cLu+it3di6/ldA==":"logo-328x121.png","I+ek7nCKkh9cYw2YVH0yNw==":"logo-footer-1-198x191.png","yNoMtvlwoagE+g3UIaWdzg==":"mbr-1920x1346.jpg","tetrltBHhUUvh/2SsKqAmQ==":"mbr-1920x1280.jpg","MXTtPSsYbn8SSFgcyuco+w==":"mbr-1920x1280.jpeg","LDM9iYVJZVG7XNF5TiaCYQ==":"mbr-1920x1071.jpg","EORRpsZTOsKblgxSHioWnA==":"mbr-1-1920x1071.jpg","gOu+CqR9V9cAhtXK98BVig==":"mbr-1-1920x1280.jpg","qhtEgkREhz/ed4aiz5ffyw==":"mbr-2-1920x1280.jpg","rhHtXs/vKsBouKvAAhDnlg==":"logo-128x47.png","uC+NyLssvbkCLsqjuQ96fQ==":"logo-348x128.png","s34vDNtZOhmQOc6M5cEEWw==":"logo-1-348x128.png","ZwJPXpLZHjfRKHlxPHl5GQ==":"logo-2-348x128.png","Gl3evE+ETWyJU4eg28jF2Q==":"logo-336x124.png","hLfjH735xCB0Tj7qLG3Y+Q==":"logo-346x128.png","G6Hnr63hNZeS7HNmjSjzwA==":"mbr-3-1920x1285.jpeg","yTO6PfmRxjiS1JThFOnl9g==":"mbr-1728x1176.jpeg","MqlLXACf87XSU2YuYN/2cg==":"banner1-1400x695.jpeg","HdKPUAZsGJshiAACXqVbMA==":"mbr-1-1920x1080.jpg","1DTIJRSxRqVq52JDHLwXCA==":"mbr-1-1920x1080.jpeg","J1K1cVBg/9JnTOqGWVQnhQ==":"mbr-3-1920x1280.jpg","kaF91YSI7xPRGsALRcee1A==":"mbr-4-1920x1280.jpg","08og1HL+X5R6RIxmUE324A==":"mbr-11-1920x1280.jpg","s3IpWyjayfypuEUdTpgx3Q==":"mbr-11-1920x1280.jpeg","K4uiKZFK3dVUsjSnQyIRBQ==":"mbr-1920x1060.jpg","hgIMkpjAyXMG7BpKNgeKVw==":"mbr-1920x1196.jpg","FgB9IgTy59KSDwVQt3C2Ig==":"mbr-1920x1079.jpg","sbdT/H0KedWDnkWUJ1Bjdg==":"mbr-2-1920x1080.jpg","brZ2MToD212TCtnfVR2Cuw==":"mbr-13-1920x1280.jpg","uvfYhvBs1g7NJOTLYAE2/w==":"mbr-1-1920x1440.jpg","pqdwR+ipxdcCmoNn8RYPVw==":"mbr-17-1920x1280.jpg","YeFEWl58z74R3nzeYSI0vw==":"mbr-2-1920x1440.jpg","jGVMDL0TElrByye8Loi2uA==":"mbr-18-1920x1280.jpg","UAc7kepzJPkrSn4uqTRvmw==":"background4.jpg","CcHmC2efyFxDLtF0V4fpbA==":"mbr-19-1920x1280.jpg","V0gPBACa6LMHj6U+6suATQ==":"mbr-1600x1200.jpg","LpfZOzOCN/q8UR9bcIkJng==":"mbr-21-1920x1280.jpg","Qpx5YeEcvNJazoVIb9R/Ww==":"20190102-81745-1800x875.jpg","jHplghKRXHcUqp4TYOw3Tg==":"20190102-81745-1800x875.jpeg","chp6xkHpRzKHjfk4bOTtTQ==":"20190101-90240-1800x875.jpg","E3Q46QwB+VT3LqWrZjj/Cw==":"unnamed-607x615.jpg","QsDoqd8obG7sbALjGgjfGA==":"unnamed-607x615.jpeg","j1nP/g4nwdE0FDJcg6vdVg==":"unnamed-300x304.png","7Zjg7QkyMcL0w+HA6q6P/g==":"unnamed-400x405.png","U1MBC5bTKeSGClqbuEGDmA==":"mbr-23-1920x1280.jpg","nxe+fhzj1sZ9llbzHNSjEA==":"mbr-1-1920x1285.jpg","Q82j3ms4rgh/wksBzpo2pQ==":"mbr-26-1920x1280.jpg","9DBQBt8/IAF2Etk3vAhphQ==":"mbr-1920x1279.jpg","7+zLXT09kEUjXhmTlDzizA==":"mbr-1920x1276.jpg","h17MCnJCN0sRCy2iWuNcrg==":"mbr-27-1920x1280.jpg","BgpumwMcRq2xkl/MIV49DA==":"mbr-28-1920x1280.jpg","cOFX9EQt9xvNUrCsAqfz+g==":"mbr-1-1920x1279.jpg","hbzvFb9NAfonu/R6fhmFww==":"mbr-2-1920x1279.jpg","JVePd+XaGhX5nVqD8Z9Uow==":"mbr-3-1920x1279.jpg","6aS0vb4tx2aDKy9QWg8OfA==":"mbr-29-1920x1280.jpg","D/mzoMRiWq+KX5DhKZfBlA==":"mbr-3-1920x1080.jpg","IH6USf1OPrAx3Dvs/n0hAQ==":"mbr-4-1920x1080.jpg","VX/uXe1Ds4/3KstCm1x5Fw==":"mbr-2-1920x1285.jpg","zGKH5fUbO5WzimKbS7Zi1Q==":"mbr-3-1920x1285.jpg","kaK1A0z2utgAizjP5jpT3A==":"mbr-3-1920x1440.jpg","O2orfFpFbEQtqV38bx5/tQ==":"mbr-1158x775.jpg","5qlL3N8yGhDfT+743oFxFQ==":"mbr-1158x775.jpeg","MlUpjQK8kWw5L06cYAqyQg==":"mbr-1158x772.jpg","rQLwRBVdEUGZIdda8ajbag==":"mbr-1158x769.jpg","UwBR2kJlR/Qrbe/K6we1mg==":"mbr-1158x769.jpeg","01DeMwtg23zVdqcHsP0NIQ==":"mbr-4-1920x1285.jpg","nbIwZAhCLieC5+iqsUhyIQ==":"mbr-30-1920x1280.jpg","x/EW/GZQjUSw//mlHaVxgA==":"mbr-31-1920x1280.jpg","5/2PSb8WXQWyX9CZdSaHWg==":"mbr-4-1920x1440.jpg","QUBmcleabti+e2CP9lcT+A==":"mbr-1620x1080.jpg","EwlwxEeG8ENLiVw1hlp/mg==":"mbr-1624x1080.jpg","KT/Ei5C1wiq/8Wt1zWyyeQ==":"mbr-1158x869.jpg","jJQpaA+x/p7DS62gIqBAfw==":"mbr-1158x869.jpeg","+KS4cvAP6Mmb9TCCOIny6A==":"mbr-5-1920x1440.jpg","gGdwNORY4xAKNH34wkOfyQ==":"mbr-5-1920x1440.jpeg","Lm1Ed5T3xp+7DWUlhdSA7A==":"mbr-1621x1080.jpg","kGe0fPj23WI0++wjkubR5A==":"20190305_074901mij-1000x750.jpg","67Z1ilzg7vxs6fqP1IwN9w==":"mbr-6-1920x1440.jpg","ViNfX3OLdfHbWlmxoaptfg==":"20190305_110757rih-1000x666.jpg","Es1XvLP0srsHun+MFOP27w==":"mbr-1-1158x769.jpg","fojNosVgaugqRVeM6S3E8A==":"mbr-1-1158x769.jpeg","4NVyXGdx/fjbALYJZ6bQjw==":"mbr-1-1158x869.jpg","xtJ56X5jkbFCY9tsC/HxPg==":"mbr-1-1158x869.jpeg","iD3Bb4zoz+wHHqCTbD/Xng==":"20190108_062336egu-1000x666.jpeg","M1V7iesHEpFKxcRkTPDHnA==":"20190108_065847haz-1000x733.jpg","jvOWBApNBw889jYfaacnqg==":"mbr-2-1158x869.jpg","IKE4dV5tqftDi94cLZM4vQ==":"mbr-3-1158x869.jpg","4uyYfMjNsrdAZG9pzPMjbA==":"mbr-3-1158x869.jpeg","d9jprB/6SqU48Rv8DPmmZw==":"mbr-7-1920x1440.jpg","I8d09LGstL7CGvTkv7sdOA==":"mbr-1920x1302.jpg","BLp4PJMOBrjBmU3/0GofyA==":"mbr-8-1920x1440.jpg","qif37536Jdg4e5FrWkh29g==":"mbr-9-1920x1440.jpg","kadj3/g1/BN14FprVnWnCQ==":"mbr-10-1920x1440.jpg","US1avTv029F+DH31JmPPfg==":"mount_meru_tanzania_zara_tours-1-1600x1060.jpg","nSVzeEZS7w06BIPMvAs44A==":"mount_meru_tanzania_zara_tours-1-1600x1060.jpeg","LxckQOSxU4IbbOFes3hOXw==":"mount_meru_tanzania_zara_tours-2-1600x1060.jpeg","ZbXePbGQ1diKLRr4SSgl2A==":"mount_meru_tanzania_zara_tours-3-1600x1060.jpg","/c62jvRyyoBpnS7HXPFs/w==":"mbr-4-1920x1279.jpg","UJ6o4GhmgqBp6OqaYB03DA==":"mbr-32-1920x1280.jpg","TNRDshmIZSdUEKTCKgWCrA==":"mbr-33-1920x1280.jpg","nwomUxZwETLyYnB4Fk27Eg==":"mbr-34-1920x1280.jpg","FH09Nqbha49teCatpWFapg==":"mbr-35-1920x1280.jpg","f3e0+4SWYmQciLkgfjR3jw==":"mbr-1920x1267.jpg","SV3+gP3Yy9vwXAHuM3ffgA==":"mbr-750x502.jpg","98lGbiRV6yZ/7XfFyAECRA==":"mbr-750x500.jpg","Hfs/69B4CeE+bVD0VJm8Uw==":"mbr-750x498.jpg","JZCmoJgwxgdEQQBOlZD2TA==":"mbr-750x563.jpg","zHwj0tIuFWsc4+lC/Cup0g==":"mbr-36-1920x1280.jpg","p7tFq9lnXw+BjE1kwyQbCQ==":"mbr-37-1920x1280.jpg","pGR6+/PKAYVxZKr1zFK1aQ==":"mbr-11-1920x1440.jpg","b9HETUB7CS+LBR5mUQ1/uA==":"mbr-1-750x500.jpg","15G/qawNEj/OCmrL05RWtQ==":"mbr-750x496.jpg","O4sy2gYp1L0wg67/W53BGA==":"mbr-1-750x502.jpg","vwJizBix/LztNcIbNngb3Q==":"mbr-1920x1280.jpg","Akf/pvr8rR2mNd4QfiNU7Q==":"redcharlie-nf7w_hn6dkq-unsplash-1536x1024.jpg","TewY3q8j6dK3jHp6Rno8ZQ==":"mbr-1920x1128.jpg","VILwCKObgrpkvUbV3gKJlQ==":"payment-1.png","fSfu4l6yTkexMGc+69maFQ==":"logo_tanapa%20(1)-40x33.jpg","a8j1jZAejTc5jQZkt+HS9g==":"tanzaniatourismboard-glow-80x60.jpg","N6b015Xe8cOrXJHTTf7yqQ==":"tanzaniatourismboard-glow-150x112.jpg","m4wLWmSXFl3yKmuoSzSBoA==":"logo_tanapa%20(1)-80x66.jpg","8azWH8p5eXBb3mGIlA+99A==":"logo_tanapa%20(1)-150x123.jpg","9ceKv2bkNs2LAyjpTTLCHw==":"mbr-1920x1253.jpg","78PPfG7Ig5s2Lgs+nogFTw==":"mbr-1613x1080.jpg","uVM7aztIPPf8d0m5wgrtkg==":"mbr-1-1920x1079.jpg","7feZVII0ep7/RFIWGnrj7A==":"mbr-1920x1264.jpg","rEfnUOYj6OGXvqZx9VH+EA==":"mbr-2-1920x1079.jpg","nBxFILsHcu/Pk0rO35Vedg==":"mbr-1920x1920.jpg","XBcH6WBUbUKrL323rVJzHA==":"mbr-1920x1280.jpg","4wtCNR5qDTZ0GEBo5cmheQ==":"mbr-900x600.jpg","k0QmJI3/1Ais0ddV/rgpJg==":"mbr-1-900x600.jpg","9DRAY/o4mj+h9t6i8VN7yg==":"mbr-2-900x600.jpg","tzARzs6QRuoN2n9lC7oWSg==":"mbr-2-1920x1280.jpg","MgBDTgsDu6/CP6SjlBDyIg==":"mbr-11-1920x1280.jpg","HeSMa0GP1IAOgm6LRIw8JQ==":"mbr-13-1920x1280.jpg","b0504A8OvcN4MT/Cl5rOTw==":"mbr-14-1920x1280.jpg","q0AZLGIYfcOWFa5MwL9Whg==":"mbr-1-1920x1080.jpg","K4x+B3ZYxoW113FrZcZdQQ==":"mbr-2-1620x1080.jpg","kX9ak2PxtV50mnW7G2sl7g==":"mbr-1920x1161.jpg","Kjqkoc6FOXMGDYGXRB9Njw==":"mbr-1440x1080.jpg","pdnZQbgUcANaDotqigPXdQ==":"mbr-1920x1182.jpg","epeRnHjtEtvcHl7KOh5G1g==":"mbr-1920x1275.jpg","SFBwlOA1lrkwiql31Srm2Q==":"mbr-15-1920x1280.jpg","cTnTvB8JpKIqUWuYegVZ+g==":"mbr-3-1920x1080.jpg","qcIDLZIKvRruymC/RiNxmg==":"mbr-1-1920x1285.jpg","d2eXNBB4943E/l9oqvyL3g==":"mbr-1920x1150.jpg","VWYriP33Kj7YtQDbzHBCHg==":"mbr-1920x1265.jpg","gvFHLqYp3DMAYY+YK6QnUQ==":"mbr-19-1920x1280.jpg","IlNLUl9ZdbSfRzb0NLKQhg==":"mbr-3-1620x1080.jpg","kttFoGnxZ1h+x6dqB5VtYw==":"mbr-1-1440x1080.jpg","2k0L/V0c8xdxxFPM7Aeg7A==":"mbr-2-1440x1080.jpg","sIxGKxaxG3YFeynCqqmcxQ==":"mbr-3-1440x1080.jpg","V47rvSDTAcBgTgbNE+6UQg==":"mbr-3-1440x1080.jpeg","msjyOgxNGE2ogKs1CfOa1g==":"mbr-4-1620x1080.jpg","D8UA98wf9o5fo7THda6GKw==":"mbr-5-1620x1080.jpg","lYOS7IFdkjbjOc6x3CQhZA==":"mbr-20-1920x1280.jpg","UZL/750zPA3TmwTivPW1Iw==":"mbr-22-1920x1280.jpg","98e5NgNhnqse5+s84f1C2g==":"mbr-6-1620x1080.jpg","51+sEO9RaEMwLg+pNkfKHA==":"mbr-2-1920x1285.jpg","6ewX6jC22c2FvBJn63hdBQ==":"mbr-1920x1433.jpg","cwLC2fc4Gowte8XC2taxMw==":"sanje-waterfalls-1024x768.jpg","GJ5dZsBJyZDeW+jn0kEwzQ==":"mbr-7-1620x1080.jpg","KmeOgyg+cQa9N0T+lECalQ==":"mbr-8-1620x1080.jpg","GS7kwizaWLEFOXNyWwm5qA==":"mbr-1-1624x1080.jpg","navVNhtb1B/+vWKZIofCWA==":"mbr-4-1440x1080.jpg","oxkT7LGpm69U9X9+SEyUtw==":"mbr-9-1620x1080.jpg","K0G87/Fn92v0dzTFBLoe8A==":"ngorongoro-1920x1080.jpg","EIngDtVqhzCQuxKy24HQog==":"dsc1304-1400x700.jpg","kOGRtYemqPiOUKx94pGOMw==":"mbr-23-1920x1280.jpg","jeQ0wQptNrOw31uO5yDQsw==":"mbr-24-1920x1280.jpg","t3elQBTQlhXNIi0t/EC1hA==":"singita-sasakwa-lodge8-1400x700.jpg","eA+QKklqxtDgAAV8dOyAzA==":"mbr-10-1620x1080.jpg","jVEUV7UYCUJU+w0wjst2/Q==":"swimming-pool-1280x720.jpg","is5Ec40zXBAXAnQjee4WbA==":"the-lodge-1280x720.jpg","BPT5KAOXci29j37cht1RoQ==":"mbr-1920x1414.jpg","g+zP2lXK3H/mkzyH4N3/EQ==":"mbr-25-1920x1280.jpg","KMivaFDSa+6/45tVhMlLkw==":"dsc-55-1440x960.jpg","WmnBN54McetJudhJIgcmMg==":"dsc-9909-1440x960.jpg","PlggWzcd4+FpZVD/Y/DRBQ==":"mtkenyaimg1-1920x960.jpg","I4iOdgWE2nV1G+9vNermsw==":"mtkenyaimg1-1920x960.jpeg","CYLp0+x6Yk5O7LbmZKip4w==":"mbr-1920x1370.jpg","BIN7u4GBWrMqJdBdk76nzg==":"mbr-1-1920x1276.jpg","zwNCiYPZokofc5CHchCPIA==":"mbr-27-1920x1280.jpg","zGFJi5dCDXEwS3Sdc9x1HQ==":"mbr-29-1920x1280.jpg","yEEVnTCSm7P8REQWBUCFpw==":"image+391-504x504.jpg","bEp9lVP7SvOvpwcFzRIF1A==":"image+391-1440x960.jpg","jUAvuu7Mn3R8zQYzvB28GA==":"mbr-1080x1080.jpg","0n2Z1OuQxxrJPvGUbWA1Lg==":"mbr-31-1920x1280.jpg","qEtqTWLXKLZL9sQL2go2dg==":"mbr-5-1920x1080.jpg","LGgcyIkaJiwVBuTshVt6SA==":"mbr-1513x1080.jpg","W8YBN7iPOdCG6tdoPvv3tQ==":"logo%20(2)-256x94.png","2q7JQOn5LaiIADam6yzp1g==":"logo%20(2)-512x189.png","5jHg5oo/Jh+80XayARc0Yw==":"logo%20(2)-599x221.png","EBoDAJ4ridiaMtZCfzsP5g==":"logo%20(2)-599x221.png","+dP1s0epa921MocEc5PR5w==":"logo%20(2)-346x128.png","GUQx7o/EJ1oiW18oWyeA9w==":"mbr-144x144.png","ZmFI13MBfsXVLMwH5wvxLQ==":"logo%20(2)-121x45.png","DbLVm+RFQsg4iTFRYlI8HA==":"logo%20(2)-326x120.png","D7qnNjEJqPHthss4LbvOKg==":"logo%20(2)-330x122.png","ll44GjYGG6fKnjWilqO1oA==":"logo%20(2)-406x150.png","4Mo8MLvFRHgNd/zYOXkG9A==":"logo%20(2)-407x150.png","beZdhScxMjgbMaIBL6fBYA==":"mbr-3-900x600.jpg","fxErOvx/4NeZqhr+uX9QmA==":"mbr-900x643.jpg","jFRSqgYxGuhGGVu6I5dILQ==":"mbr-4-900x600.jpg","ZDThqFPkDCSqjTMhMnZURw==":"mbr-1593x1080.jpg","3xw1xkUNK56ypHxKRPwnBA==":"mbr-5-1440x1080.jpg","X1HVhq5VgVkEORaJno+gcA==":"mbr-1593x1055.jpg","jOMvv61y49ad+Lv/cbJUHQ==":"mbr-1440x960.jpg","tW5T2MfI16piOywa4QdTNw==":"mbr-1-1440x960.jpg","azFEQNYy82rv47BwSZX5eQ==":"mbr-1440x940.jpg","oGBl/jVTbEM2EMAIE5G2aw==":"mbr-2-1440x960.jpg","37Fvu6eT0Xfk4QZxhmN7LQ==":"mbr-720x1080.jpg","cB4UW5wUthKtcqfw78Earg==":"mbr-720x480.jpg","ZoDNlBAwHYmvwc3TLwEuIQ==":"logo%20(2)-160x59.png","fKa3npXVjkxLWYfj68dsDg==":"logo%20(2)-433x160.png","J02zyO8cCgeW733kSjxuGg==":"mbr-720x540.jpg","8VBdDdU8F/4gR8edmyPcyQ==":"mbr-1-720x480.jpg","irSQkIfuU33kywX9cm87pw==":"mbr-1920x1280.jpg","D1b1yGnkOyH0murxwOIuQw==":"mbr-1-1920x1280.jpg","5ivRBaE5bV2XxF6ZQ67YwA==":"mbr-1631x1080.jpg","SIMlhcyT+mZDufLSh1Wwlg==":"tanzania-great-migration-180x90.jpg","yQMf0h7t93znlbhPT31HFA==":"apple-touch-icon-90x90.png","DxKPJNWqEcR3bLWa+QGjTg==":"mbr-1621x1080.jpg","fmHr/g+6HpCILV/ju5YzeA==":"mbr-1460x973.jpg","eNBVHfeJLI/CmTKGa5WkEA==":"mbr-1460x973.jpeg","+aZ6uX/0s9tFUEVDsV9m+g==":"mbr-1-1460x973.jpeg","093WAloGp4U1sNQy0UkFvw==":"gb.svg","sRVjVd6Wkddo3xmoorRNpA==":"fr.svg","PnJsK2pZ5uRUPAoVNNk3lg==":"de.svg","jRXeBPX26Oicq05esjf2Bw==":"it.svg","DKz0bm9HP6iHgRIPNw1hBw==":"ru.svg","UGI+anYbOStTgc416Kd/mQ==":"es.svg","DPHOCGnxzxhOCcksN5wdvQ==":"mbr-700x467.jpg","O0EgExG34C+s0gfFIiqCDg==":"mbr-700x475.jpg","SezHsfOoWgQSm6vdS60CTw==":"time1-180x90.jpg","9Tk0J5GzHaz/hClbMcygcg==":"mbr-700x475.jpeg","VvYGB5RqGhOVk6NES4IZsg==":"mbr-1400x933.jpeg","9EaFUdxnB2JcmklU3ZKx6g==":"mbr-1-1400x933.jpeg","MhFTeY30PCbGDnywDAiBoQ==":"mbr-2-1624x1080.jpg","v3he0aqbliu6N+sS8KD+dQ==":"rign4.jpg","GXk1HsmOcsWIKAmq8XjfVg==":"logo-2-398x147.png","oR8knKE2eaDPQK0WvwP39g==":"mbr-1920x1279.jpg","zGktlDZsnA+UXAit3XaVkg==":"mbr-1620x1080.jpg","pnCcv404UbF07XofrtgQQQ==":"mbr-1-1440x1080.jpg","QDTAj0lP+orJ9tGMdWGx2g==":"udzungwa-mountains-park-1536x528.jpg","spQuCeQYF3N3Jm4nmAAAnA==":"mbr-1920x1280.jpg","vG0SC2gKdOfYIm2ypofGlw==":"mbr-3-1624x1080.jpg","nTAkHIPB+vkwVxuUYEKVFQ==":"mbr-3-1920x1280.jpg","nANEWLyYzBFif+a9jPcEKA==":"mbr-4-1920x1280.jpg","h3BivDwtiZ6XsH0XcylarQ==":"mbr-7-1920x1280.jpg","k1h0z5TvuWNkQ5cV8pVLLg==":"mbr-7-1920x1280.jpeg","P8hnceuy+vJY2hN6xLAAHQ==":"mbr-13-1920x1280.jpg","XgVsTMdn6uJFJIKc8AomyQ==":"mbr-18-1920x1280.jpg","mE+WAPRN2z6dD0yXIO2rhA==":"mbr-18-1920x1280.jpeg","veQEWdbAQHGbxnAkVlsoiQ==":"dsc09787.webp","APxyAQEOTZ0BFxBv9XiGxQ==":"dsc09787-1.webp","4TioE2H7xeRCF4KdUXrs9w==":"mbr-2-1440x1080.jpg","QZCDcW8WvDUwKTlDxBkb7A==":"logo-3-398x147.png","HNDhggdtQXGft2AEeNBomw==":"mbr-23-1920x1280.jpg","ncbukOc5XqRvr7O/zscCfg==":"mbr-1630x1080.jpg","08vqGqfbizYQFfQyQ1hJaQ==":"whatsapp%20image%202022-08-10%20at%206.23.17%20pm-1080x607.jpg","uSWinTagLlSm6WzNnvrsRQ==":"mbr-1-1620x1080.jpg","q0Gpwz0zGw1D/pg6MT/asQ==":"background8.jpg","oCPOg2Gz6HjIAEtD9CBBRQ==":"logo-2-346x128.png","8Dj008MSZ+Q1IF62NZHZYw==":"next%20levl-196x88.png","ZTPAFQBNCKpXwxoC7EV8fg==":"next%20levl-292x131.png","gdmCJGeEFfqDCfFgt6zRXg==":"logo-292x131.png","z0kwtahxl82Tt+fVC2gzzQ==":"logo-196x88.png","VF545hEOpLpRP16BEtWipQ==":"logo-286x128.png","FGhk8lcltkU9FAeOfnK00Q==":"logo-328x147.png","5wEulM+giP38QQkPg76Jig==":"mbr-1920x1275.jpg","Y5ZYnk4o21yX70Ze0AVXLg==":"mbr-4-1920x1280.jpg","551iJeXP4A0rhWTIESIdew==":"logo-342x153.png","mdPyLqZ4u21oBaVVuPcZdQ==":"background1.jpg","v37D4WBI1RUEsHlnYECshw==":"mbr-7-1920x1280.jpg","CxLAT4oJHO6asZBXEhKj9g==":"mbr-16-1920x1280.jpg","sHxeHCINJ9tzltDiqpW+HA==":"background1-1.jpg","UnPH4J6fE3ijf/mDXFuIoA==":"tanzania-map-900x828.png","kijV/HxDegIn7Vtb0qNOVw==":"02.jpg","wMkX2X7txLbVGSAJxNmOeQ==":"04.jpg","Mem5Uea9TUpxshpe7/sE7Q==":"03.jpg","IFkUzJOloUgjwdFOryeTnQ==":"client2.png","t6Ct1dIP4oxqw43JUBPTWw==":"client3.png","zSk84Z+bJelq5vgHhGaACg==":"client1.png","fXBNROKYlFB39u4gFADVgw==":"client4.png","6gkTFaey/arCMNX0WODUqA==":"client5.png","o0TQaD/CvJE7TYmo2flfHw==":"client6.png","K/cWLkJAb4osWkCEMXc6Ow==":"client7.png","pmpbZZTtP9NDn2WXFS11rg==":"images-240x120.png","iIoz/P4CZbvdpmM2jOnLfw==":"court.jpg","543fLu8d1F5j+04QezL3+Q==":"mbr-1-1920x1275.jpg","T01s6SemjCJ4tGEvGxoj8Q==":"mbr-18-1920x1280.jpg","8K/bnEeuSQsA8WG5WnRPLg==":"mbr-19-1920x1280.jpeg","Wm1WrGfeYGo6nf2wh16U8Q==":"mbr-30-1920x1280.jpg","CxST4Gx8SvCYvZ/YEI/x5w==":"mbr-1920x1277.jpg","nJju5HSlBuunxHT3n/5s4A==":"mbr-33-1920x1280.jpg","uryCWQDdIzrwTpIxe0mMhA==":"mbr-1920x1099.jpg","OhGyP0hq8pzW9BASV/lZRw==":"mbr-1920x1440.jpg","WMd9S0lYHRgPFcJd063kVQ==":"mbr-1920x1372.jpg","hCs0QjbZI7b5WFqzzDV+sQ==":"02-1.jpg","tPqBO0WQCJIAquLPoQyynQ==":"background2.jpg","iuZWZummZDbQHVZnj1Yeeg==":"mbr-1140x814.jpg","Jzi+TNVaARZIw88LR3iMQA==":"mbr-1140x760.jpg","MzoG2QQnqmgUz65gH8efHQ==":"mbr-1615x1080.jpg","fk3hRP6NWfSXfCXM6N27ig==":"mbr-2-1620x1080.jpg","8zfeozqamk2QjE/bsQYi1Q==":"mbr-1920x1324.jpg","UOhNemU+KR5HMjYsTgG6Ag==":"mbr-35-1920x1280.jpg","qtXt402Jgb3cSL/96+SPIg==":"mbr-35-1920x1280.jpeg","o+NQTrw1YYd2+r0TfvDmTQ==":"mbr-3-1620x1080.jpg","tvXexATwoHkxE0ZnHB6VVw==":"mbr-11-1620x1080.jpg","8RYpv6ksT9Q8ukkLfnIubg==":"mbr-36-1920x1280.jpg","vcxsTen9MejH3HWerFK49g==":"mbr-12-1620x1080.jpg","Vx+L+XfXCuR8s8vEA5oAfw==":"logo.png","NbK9s+DErl31XHza53mgXA==":"logo-272x122.png","7CeIDD5iEbmhvFaewuqbsw==":"mbr-1920x674.jpg"}